{"positive score": {"_type": "histogram", "values": [3, 2, 19, 39, 137, 314, 550, 916, 1240, 1388, 1264, 1086, 844, 577, 402, 266, 154, 88, 71, 43, 24, 19, 20, 6, 6, 2, 6, 4, 8, 0, 1, 2], "bins": [0.1349286437034607, 0.13885697722434998, 0.14278532564640045, 0.14671365916728973, 0.1506420075893402, 0.1545703411102295, 0.15849868953227997, 0.16242702305316925, 0.16635537147521973, 0.170283704996109, 0.1742120385169983, 0.17814038693904877, 0.18206872045993805, 0.18599706888198853, 0.1899254024028778, 0.19385375082492828, 0.19778208434581757, 0.20171041786670685, 0.20563876628875732, 0.2095670998096466, 0.21349544823169708, 0.21742378175258636, 0.22135213017463684, 0.22528046369552612, 0.2292087972164154, 0.23313714563846588, 0.23706547915935516, 0.24099382758140564, 0.24492216110229492, 0.2488505095243454, 0.2527788579463959, 0.25670719146728516, 0.26063552498817444]}, "loss": 0.6956766843795776, "_timestamp": 1692538750.801912, "_runtime": 5.153126955032349, "_step": 9, "_wandb": {"runtime": 5}}