{"positive score": {"_type": "histogram", "values": [11, 17, 36, 161, 497, 704, 956, 989, 935, 812, 752, 695, 533, 491, 404, 320, 276, 204, 196, 158, 125, 73, 51, 38, 29, 6, 14, 11, 2, 3, 0, 2], "bins": [-1.012749433517456, -0.7243314385414124, -0.4359133839607239, -0.14749538898468018, 0.1409226357936859, 0.429340660572052, 0.7177586555480957, 1.0061767101287842, 1.2945947647094727, 1.5830127000808716, 1.87143075466156, 2.159848690032959, 2.4482667446136475, 2.736684799194336, 3.0251028537750244, 3.313520908355713, 3.6019387245178223, 3.8903567790985107, 4.178774833679199, 4.467193126678467, 4.755610942840576, 5.0440287590026855, 5.332447052001953, 5.6208648681640625, 5.90928316116333, 6.1977009773254395, 6.486118793487549, 6.774537086486816, 7.062954902648926, 7.351373195648193, 7.639791011810303, 7.92820930480957, 8.21662712097168]}, "loss": 0.5038058161735535, "_timestamp": 1692519023.13255, "_runtime": 550.8877170085907, "_step": 10}