{"positive score": {"_type": "histogram", "values": [21, 23, 22, 56, 110, 208, 308, 531, 609, 817, 981, 1110, 962, 946, 821, 557, 464, 333, 197, 131, 93, 73, 45, 32, 20, 8, 12, 5, 2, 2, 0, 2], "bins": [0.23556767404079437, 0.239750474691391, 0.2439332902431488, 0.24811609089374542, 0.25229889154434204, 0.25648170709609985, 0.2606644928455353, 0.2648473083972931, 0.2690301239490509, 0.27321290969848633, 0.27739572525024414, 0.28157854080200195, 0.2857613265514374, 0.2899441421031952, 0.2941269278526306, 0.2983097434043884, 0.30249255895614624, 0.30667534470558167, 0.3108581602573395, 0.3150409758090973, 0.3192237615585327, 0.3234065771102905, 0.32758939266204834, 0.33177217841148376, 0.3359549939632416, 0.3401378095149994, 0.3443205952644348, 0.3485034108161926, 0.35268619656562805, 0.35686901211738586, 0.3610518276691437, 0.3652346134185791, 0.3694174289703369]}, "loss": 0.7031300067901611, "_timestamp": 1692536646.48671, "_runtime": 169.24427604675293, "_step": 14, "_wandb": {"runtime": 1457}}